M,Volleyball,City College of New York,https://ccnyathletics.com/sports/mens-volleyball/roster?view=2
M,Volleyball,Lehman College,https://lehmanathletics.com/sports/mens-volleyball/roster?view=2
M,Volleyball,Brooklyn College,https://www.brooklyncollegeathletics.com/sports/mens-volleyball/roster?view=2
M,Volleyball,John Jay College,https://johnjayathletics.com/sports/mens-volleyball/roster?view=2
M,Volleyball,Baruch College,https://athletics.baruch.cuny.edu/sports/mens-volleyball/roster?view=2
M,Volleyball,Medgar Evers College,https://mecathletics.com/sports/mens-volleyball/roster
M,Volleyball,Hunter College,https://www.huntercollegeathletics.com/sports/mens-volleyball/roster?view=2
M,Volleyball,York College,https://yorkathletics.com/sports/mens-volleyball/roster?view=2
M,Volleyball,Ball State,https://ballstatesports.com/sports/mens-volleyball/roster?view=2
W,Volleyball,BMCC,https://bmccathletics.com/sports/womens-volleyball/roster?view=2
W,Volleyball,York College,https://yorkathletics.com/sports/womens-volleyball/roster?view=2
W,Volleyball,Hostos CC,https://hostosathletics.com/sports/womens-volleyball/roster?view=2
W,Volleyball,Bronx CC,https://bronxbroncos.com/sports/womens-volleyball/roster/2021?view=2
W,Volleyball,Queens College,https://queensknights.com/sports/womens-volleyball/roster?view=2
W,Volleyball,Augusta College,https://augustajags.com/sports/wvball/roster?view=2
W,Volleyball,Flagler College,https://flaglerathletics.com/sports/womens-volleyball/roster?view=2
W,Volleyball,USC Aiken,https://pacersports.com/sports/womens-volleyball/roster?view=2
W,Volleyball,Penn State - Lock Haven,https://www.golhu.com/sports/womens-volleyball/roster?view=2
M,Swimming,College of Staten Island,https://csidolphins.com/sports/mens-swimming-and-diving/roster?view=2
M,Swimming,York College,https://yorkathletics.com/sports/mens-swimming-and-diving/roster?view=2
M,Swimming,Baruch College,https://athletics.baruch.cuny.edu/sports/mensswimming-and-diving/roster?view=2
M,Swimming,Brooklyn College,https://www.brooklyncollegeathletics.com/sports/mens-swimming-and-diving/roster?view=2
M,Swimming,Lindenwood University,https://lindenwoodlions.com/sports/mens-swimming-and-diving/roster?view=2
M,Swimming,Mckendree University,https://mckbearcats.com/sports/mens-swimming-and-diving/roster?view=2
M,Swimming,Ramapo College,https://ramapoathletics.com/sports/mens-swimming-and-diving/roster?view=2
M,Swimming,SUNY Oneota,https://oneontaathletics.com/sports/mens-swimming-and-diving/roster?view=2
M,Swimming,SUNY Binghamton,https://binghamtonbearcats.com/sports/mens-swimming-and-diving/roster/2021-22?view=2
M,Swimming,Albright College,https://albrightathletics.com/sports/mens-swimming-and-diving/roster/2021-22?view=2
W,Swimming,College of Staten Island,https://csidolphins.com/sports/womens-swimming-and-diving/roster?view=2
W,Swimming,Queens College,https://queensknights.com/sports/womens-swimming-and-diving/roster?view=2
W,Swimming,York College,https://yorkathletics.com/sports/womens-swimming-and-diving/roster?view=2
W,Swimming,Baruch College,https://athletics.baruch.cuny.edu/sports/mens-swimming-and-diving/roster?view=2
W,Swimming,Brooklyn College,https://www.brooklyncollegeathletics.com/sports/womens-swimming-and-diving/roster?view=2
W,Swimming,Lindenwood University,https://lindenwoodlions.com/sports/womens-swimming-and-diving/roster?view=2
W,Swimming,Mckendree University,https://mckbearcats.com/sports/womens-swimming-and-diving/roster?view=2
W,Swimming,Ramapo College,https://ramapoathletics.com/sports/womens-swimming-and-diving/roster?view=2
W,Swimming,Kean University,https://keanathletics.com/sports/womens-swimming-and-diving/roster?view=2
W,Swimming,SUNY Oneota,https://oneontaathletics.com/sports/womens-swimming-and-diving/roster?view=2
